{
  "sigma_final": 9.977889082477173,
  "rho_final": 27.998665499858323,
  "beta_final": 2.6636633150254214,
  "loss_final": null,
  "data_loss_final": null,
  "physics_loss_final": null
}