{
  "sigma_final": 10.19162930203249,
  "rho_final": 26.69157688324027,
  "beta_final": 2.3540520664921005,
  "loss_final": null,
  "data_loss_final": null,
  "physics_loss_final": null
}